speaker,text,emotion,timestamp
player,What's new in the market today?,unknown,2025-10-30 17:45:07
NPC,"Nothing out of the ordinary, just the usual merchants and chatter. Keep your eyes open, stranger.",neutral,2025-10-30 17:45:07
player,How are you feeling today?,unknown,2025-10-30 17:45:19
NPC,"I have experienced more favorable times. There has been unusual activity near the market, and it is causing me significant concern.",serious,2025-10-30 17:45:19
player,Who is the king?,unknown,2025-10-30 17:45:37
NPC,His Majesty King Alden the Just governs our city with wisdom and strength. It is our hope that his reign continues to ensure peace.,serious,2025-10-30 17:45:37
player,What's new in the market today?,unknown,2025-10-30 17:51:41
NPC,"The market appears unusually quiet today. Several vendors are absent, and the usual level of conversation is notably subdued. Remain vigilant.",serious,2025-10-30 17:51:41
player,How are you feeling today?,unknown,2025-10-30 17:51:47
NPC,"I'm here, keeping watch as always. The streets are quiet for now, but a guard can never be too careful.",neutral,2025-10-30 17:51:47
player,Who is the king?,unknown,2025-10-30 17:51:56
NPC,"King Alden the Just, may his reign be long and wise. Do not speak lightly of the crown, traveler.",serious,2025-10-30 17:51:56
player,What's new in the market today?,unknown,2025-10-30 17:56:08
NPC,"Nothing out of the ordinary, just the usual merchants and traders. Keep your eyes open, though — strangers have been asking peculiar questions near the stalls.",neutral,2025-10-30 17:56:08
player,How are you feeling today?,unknown,2025-10-30 17:56:15
NPC,"I am here to ensure the safety of the city. As long as the streets remain secure, I can maintain a sense of calm.",serious,2025-10-30 17:56:15
player,Who is the king?,unknown,2025-10-30 17:56:26
NPC,King Alden the Just governs our city with wisdom and strength. May his reign continue to ensure peace and prosperity.,serious,2025-10-30 17:56:26
player,What's new in the market today?,unknown,2025-10-30 17:57:06
NPC,"The market seems busier than usual today. I've noticed a few new merchants setting up stalls near the fountain. Nothing seems out of order, though.",neutral,2025-10-30 17:57:06
player,How are you feeling today?,unknown,2025-10-30 17:57:14
NPC,"Can't complain. A quiet day means less trouble, and that's something to be grateful for. Still, I'll keep my eyes open.",neutral,2025-10-30 17:57:14
player,Who is the king?,unknown,2025-10-30 17:57:24
NPC,King Alden the Just governs our city with wisdom and strength. May his reign endure indefinitely.,serious,2025-10-30 17:57:24
player,What's new in the market today?,unknown,2025-10-30 18:20:08
NPC,"Nothing out of the ordinary, citizen. The market is bustling as usual. Just mind your business and report anything suspicious.",neutral,2025-10-30 18:20:08
player,How are you feeling today?,unknown,2025-10-30 18:20:20
NPC,"I am here to ensure the safety of the city. It is a quiet day, but I remain vigilant. Peace requires constant watchfulness.",serious,2025-10-30 18:20:20
player,Who is the king?,unknown,2025-10-30 18:20:33
NPC,King Alden the Just governs our city with wisdom and strength. May his reign continue to ensure peace.,serious,2025-10-30 18:20:33
player,What's new in the market today?,unknown,2025-10-30 18:23:02
NPC,"Nothing out of the ordinary, just the usual merchants and wares. Keep your eyes open, though — strangers have been asking too many questions near the square.",neutral,2025-10-30 18:23:02
player,How are you feeling today?,unknown,2025-10-30 18:23:15
NPC,"I have experienced better days. A confrontation occurred near the market this morning, and I remain vigilant. It is not possible to relax, even for a moment.",serious,2025-10-30 18:23:15
player,Who is the king?,unknown,2025-10-30 18:23:31
NPC,"King Alden the Just, may he continue to reign for many years to come. He is the rightful ruler of these lands and possesses considerable wisdom.",serious,2025-10-30 18:23:31
player,What's new in the market today?,unknown,2025-10-31 08:41:49
NPC,"The market seems quieter than usual today. I've noticed a few new faces among the traders, but nothing out of the ordinary... yet.",neutral,2025-10-31 08:41:49
player,How are you feeling today?,unknown,2025-10-31 08:42:04
NPC,"I'm here, doing my duty as always. The safety of the city comes first. How are you holding up?",neutral,2025-10-31 08:42:04
player,Who is the king?,unknown,2025-10-31 08:42:16
NPC,"King Alden the Just, may he reign for many more years. He is the rightful ruler of these lands, and we are bound to him by duty and loyalty.",serious,2025-10-31 08:42:16
player,What's new in the market today?,unknown,2025-10-31 08:47:36
NPC,Not much. Same old same old. Prices are down again.,neutral,2025-10-31 08:47:36
player,How are you feeling today?,unknown,2025-10-31 08:47:44
NPC,Same as always. Work don't stop for feelings.,neutral,2025-10-31 08:47:44
player,Who is the king?,unknown,2025-10-31 08:47:56
NPC,"King? Last I checked, the fields still need plowing regardless of who's sitting on the throne.",neutral,2025-10-31 08:47:56
